Reference;Value;Datasheet;Footprint;Qty;DNP
+5V1,MOSI1;green;~;LED_SMD:LED_0805_2012Metric;2;
B1;SKHLAAA010;;SKHLAAA010:SKHLAAA010;1;
BATT1,M1,M2;HTSW-102-08-L-S;;HTSW-102-08-L-S:SAMTEC_HTSW-102-08-L-S;3;
C1,C2;22p;~;Capacitor_SMD:C_0805_2012Metric;2;
C3,C6,C7,C18,C25,C28,C29;100nF;~;Capacitor_SMD:C_0805_2012Metric;7;
C4,C5,C27,C30;10uF;~;Capacitor_Tantalum_SMD:CP_EIA-3528-12_Kemet-T;4;
C9,C10;10u;~;Capacitor_Tantalum_SMD:CP_EIA-3528-12_Kemet-T;2;
C24,C26;1uF;~;Capacitor_SMD:C_0805_2012Metric;2;
ES1,ES2,ES3,ES4,Prog_Con1;MTSW-103-23-F-D-230;;MTSW-103-23-F-D-230:SAMTEC_MTSW-103-23-F-D-230;5;
INVERTER1;SN74LVC2G14DBV;https://www.ti.com/lit/ds/symlink/sn74lvc2g14.pdf;Package_TO_SOT_SMD:SOT-23-6;1;
J2;MTSW-103-23-F-S-235;;MTSW-103-23-F-S-235:SAMTEC_MTSW-103-23-F-S-235;1;
LS1,LS2,LS3;ITR8307-S17-TR8;https://datasheet.lcsc.com/szlcsc/1810010232_Everlight-Elec-ITR8307-S17-TR8-B_C81632.pdf;OptoDevice:Everlight_ITR1201SR10AR;3;
MISO1;red;~;LED_SMD:LED_0805_2012Metric;1;
M_DRIVER1,M_DRIVER2;TB6612FNG;https://toshiba.semicon-storage.com/us/product/linear/motordriver/detail.TB6612FNG.html;Package_SO:SSOP-24_5.3x8.2mm_P0.65mm;2;
Q1;PMOS;https://ngspice.sourceforge.io/docs/ngspice-html-manual/manual.xhtml#cha_MOSFETs;Package_TO_SOT_SMD:SOT-23-3;1;
R1,R6,R10,R12,R14,R15,R16,R19,R20,R47;10k;~;-- mixed values --;10;
R2,R3,R9,R11;20k;~;Resistor_SMD:R_0805_2012Metric;4;
R4,R5;1k;~;Resistor_SMD:R_0805_2012Metric;2;
R7;180;~;Resistor_SMD:R_0805_2012Metric;1;
R8,R13,R17;200R;~;Resistor_SMD:R_0805_2012Metric;3;
S1;1101M2S3CQE2;;1101M2S3CQE2:SW_1101M2S3CQE2;1;
U7;LM1117S-5.0;http://www.ti.com/lit/ds/symlink/lm1117.pdf;Package_TO_SOT_SMD:SOT-223;1;
uC1;ATMEGA328P-AU;;ATMEGA328P-AU:QFP80P900X900X120-32N;1;
Y1;ECS-160-20-4DN;;ECS-160-20-4DN:XTAL_ECS-160-20-4DN;1;
